id,source,site,description,species,technology,entry_type,single_chain,country,iso_a2,continent,country_approx,lat,lon,ka_young,ka_old,ka_mid,date_citation,pu_count,pu01_heat_treatment,pu02_platform_faceting,pu03_centripetal_shaping,pu04_lateral_shaping,pu05_distal_shaping,pu06_back_shaping,pu07_cresting,pu08_debordante_shaping,pu09_overshot_flaking,pu10_kombewa_flaking,pu11_core_tablet,pu12_abrasion,pu13_trimming_platform_overhang,pu14_hard_hammer_percussion,pu15_support_core_with_hand,pu16_use_of_an_anvil,pu17_core_rotation,pu18_soft_hammer_percussion,pu19_indirect_percussion,pu20_flaking_through_pressure,pu21_hammer_dressing,pu22_invasive_flaking,pu23_ochre_use,pu24_asphalt_use,pu25_retouch,pu26_backing,pu27_notching,pu28_burination,pu29_tanging,pu30_tranchet,pu31_bifacial_retouch,pu32_invasive_retouch,pu33_pressure_flaked_retouch
1,Moore 2003,Georgina River Bridge Site,Camooweal sharktooth method,H. sapiens,Other,Archaeological,Single sequence,Australia,AU,Oceania,0,-19.944796,138.132224,0.001,1,0.5005,Based on earliest evidence of large blades at other sites in region,9,0,1,0,0,0,0,0,1,1,0,0,0,1,1,1,0,1,0,0,0,0,1,0,0,1,0,0,0,0,0,0,0,0
2,Moore 2003,Georgina River Bridge Site,Camooweal standard method,H. sapiens,Other,Archaeological,Single sequence,Australia,AU,Oceania,0,-19.924199,138.10589,0.001,1,0.5005,Based on earliest evidence of large blades at other sites in region,8,0,0,0,0,0,0,0,1,1,0,0,0,1,1,1,0,1,0,0,0,0,1,0,0,1,0,0,0,0,0,0,0,0
3,Moore 2003,Georgina River Bridge Site,All blade techs,H. sapiens,Other,Archaeological,Whole assemblage,Australia,AU,Oceania,0,-19.94402,138.118693,0.001,1,0.5005,Based on earliest evidence of large blades at other sites in region,12,0,1,0,0,0,0,0,1,1,0,0,0,1,1,1,1,1,0,0,0,0,1,0,0,1,1,1,0,0,0,0,0,0
4,Barzilai and Goring-Morris 2010,Kfar HaHoresh,Naviform reduction producing blades that are made into amuq points.,H. sapiens,Other,Archaeological,Single sequence,Israel,IL,Asia,0,32.591888,35.275956,11,12.2,11.6,,17,1,0,0,0,1,1,1,1,1,0,1,1,1,1,1,0,1,0,0,0,0,1,0,0,1,0,0,0,1,0,0,1,1
5,Barzilai and Goring-Morris 2010,Kfar HaHoresh,All techniques reporte,H. sapiens,Other,Archaeological,Whole assemblage,Israel,IL,Asia,0,32.714663,35.289691,11,12.2,11.6,,21,1,0,0,0,1,1,1,1,1,0,1,1,1,1,1,0,1,0,0,0,0,1,0,0,1,1,1,1,1,0,1,1,1
6,Stout et al. 2010,EG12,Oldowan pebble cores with rotation.,Unattributed,Oldowan,Archaeological,Single sequence,Ethiopia,ET,Africa,0,11.209208,40.607938,2500,2600,2550.0,Stout et al. 2010,4,0,0,0,0,0,0,0,0,0,0,0,0,0,1,1,0,1,0,0,0,0,1,0,0,0,0,0,0,0,0,0,0,0
7,Stout et al. 2010,EG12,Oldowan pebble cores without rotation.,Unattributed,Oldowan,Archaeological,Single sequence,Ethiopia,ET,Africa,0,11.114709,40.412068,2500,2600,2550.0,Stout et al. 2010,3,0,0,0,0,0,0,0,0,0,0,0,0,0,1,1,0,0,0,0,0,0,1,0,0,0,0,0,0,0,0,0,0,0
8,Stout et al. 2010,EG12,All reduction sequences,Unattributed,Oldowan,Archaeological,Whole assemblage,Ethiopia,ET,Africa,0,11.153066,40.649356,2500,2600,2550.0,Stout et al. 2010,4,0,0,0,0,0,0,0,0,0,0,0,0,0,1,1,0,1,0,0,0,0,1,0,0,0,0,0,0,0,0,0,0,0
9,Hogberg et al. 2011,Hollow Rockshelter,Unifacial Still bay points. Bifacially flaked predominately shaped by freehand hard hammer percussion but in late stages there's retouch to form the tang and some of that retouch is invasive and pressure flaked.,Unattributed,Other,Archaeological,Single sequence,South Africa,ZA,Africa,0,-32.079833,19.085351,72,80,76.0,,8,0,0,0,0,0,0,0,0,0,0,0,0,0,1,1,0,1,0,0,0,0,1,0,0,1,0,0,0,1,0,0,1,1
10,Sorensen 2004,Itinnera,Arctic small tool tradition at Saqqaq. Burins made on little bifaces. hafted. burin spalls taken through pressure.,H. sapiens,Other,Archaeological,Single sequence,Greenland,GL,North America,0,64.282144,-50.792933,3,4.4,3.7,,10,0,0,0,0,0,1,0,0,0,0,0,1,0,1,1,0,1,0,0,0,0,0,0,0,0,0,0,1,1,0,1,1,1
11,Villa et al. 2010,Klasies cave 1A lower HP,Howieson's poort backed pieces on blade segments made from blades produced on hierarchical cores displayed in fig 16 and 15. And supp fig 5. characteristic of HP D sample Upper and lower.,Unattributed,Other,Archaeological,Single sequence,South Africa,ZA,Africa,0,-33.998339,24.385255,53,68.1,60.55,Jacobs et al. 2008a. sample ZKR10 and Tribolo 2003 TL on heated quartzites.,14,0,1,1,0,0,0,1,1,0,0,1,1,1,1,1,0,1,1,0,0,0,1,0,0,1,1,0,0,0,0,0,0,0
12,Villa et al. 2010,Klasies cave 1A lower HP,all HP tech described. nothing from MSAiii.,Unattributed,Other,Archaeological,Whole assemblage,South Africa,ZA,Africa,1,-34.200641,24.380442,53,68.1,60.55,Jacobs et al. 2008a. sample ZKR10 and Tribolo 2003 TL on heated quartzites.,16,0,1,1,0,0,0,1,1,0,1,1,1,1,1,1,0,1,1,0,0,0,1,0,0,1,1,1,0,0,0,0,0,0
13,Villa et al. 2010,Klasies cave MSA III deacon exc.,MSA III materials. all,Unattributed,Other,Archaeological,Whole assemblage,South Africa,ZA,Africa,0,-34.073799,24.395888,50,60,55.0,Feathers 2002 L sample UW 201. and Tribolo 2003 TL heated quartzites,13,0,1,0,0,1,0,1,1,0,0,0,0,1,1,1,0,1,0,0,0,0,1,0,0,1,1,1,1,0,0,0,0,0
14,Tryon et al. 2006,Kapthurin LHA FS,Early Levallois at Kapthurin LHA fig. 3. Centripetally prepared preferential cores with ventral thinning.,Unattributed,Other,Archaeological,Single sequence,Kenya,KE,Africa,0,0.598558,35.983753,284,509,396.5,,8,0,1,1,0,0,0,0,0,0,1,0,0,0,1,1,0,1,0,0,0,0,1,0,0,1,0,0,0,0,0,0,0,0
15,Tryon et al. 2006,Kapthurin LHA FS,Whole assemblage,Unattributed,Other,Archaeological,Whole assemblage,Kenya,KE,Africa,0,0.587323,35.977921,284,509,396.5,,12,0,1,1,0,1,0,0,0,0,1,1,0,0,1,1,0,1,0,0,0,0,1,0,0,1,0,0,0,0,0,1,1,0
16,Tryon et al. 2006,Koilomot locus 2,Kapthurin preferential hierarchical flake cores. fIG 4 Core C. Prepared through debordante removals distal convexities managed by distal flakes no lateral trimming though its common on other cores. No mention of platform abrasion or overhang trimming. No retouch in Koilomot locus 2 either.,Unattributed,Other,Archaeological,Single sequence,Kenya,KE,Africa,0,0.504712,35.976201,200,250,225.0,,7,0,1,0,0,1,0,0,1,0,0,0,0,0,1,1,0,1,0,0,0,0,1,0,0,0,0,0,0,0,0,0,0,0
17,Tryon et al. 2006,Koilomot locus 2,Whole assemblage,Unattributed,Other,Archaeological,Whole assemblage,Kenya,KE,Africa,0,0.636059,35.974629,200,250,225.0,,8,0,1,1,0,1,0,0,1,0,0,0,0,0,1,1,0,1,0,0,0,0,1,0,0,0,0,0,0,0,0,0,0,0
18,Goren-Inbar et al. 2008,Gesher Benot Ya'aqov,Scrapers on massive flakes,Unattributed,Acheulean,Archaeological,Single sequence,Israel,IL,Asia,0,33.048993,35.523897,760,860,810.0,Need to double check An Acheulian biface assemblage from Gesher Benot Ya'aqov Israel: indications of African affinities,4,0,0,0,0,0,0,0,0,0,0,0,0,0,1,1,0,1,0,0,0,0,0,0,0,1,0,0,0,0,0,0,0,0
19,Goren-Inbar et al. 2008,Gesher Benot Ya'aqov,Handaxes from kombewa flakes and only handaxes,Unattributed,Acheulean,Archaeological,Single sequence,Syria,SY,Asia,0,32.92078,35.984408,760,860,810.0,Need to double check An Acheulian biface assemblage from Gesher Benot Ya'aqov Israel: indications of African affinities,5,0,0,0,0,0,0,0,0,0,1,0,0,0,1,1,0,1,0,0,0,0,0,0,0,0,0,0,0,0,0,1,0,0
20,Goren-Inbar et al. 2008,Gesher Benot Ya'aqov,Whole assemblage,Unattributed,Acheulean,Archaeological,Whole assemblage,Israel,IL,Asia,0,32.96281,35.077059,760,860,810.0,Need to double check An Acheulian biface assemblage from Gesher Benot Ya'aqov Israel: indications of African affinities,8,0,0,1,0,0,0,0,0,0,1,0,0,0,1,1,0,1,0,0,0,0,1,0,0,1,0,0,0,0,0,1,0,0
21,Li et al. 2017,Canteen Koppie,Victoria west type 1 cleaver. Hoenderbek core is centripetally prepared with one preferential removal taken. No retouch afterwards.,Unattributed,Acheulean,Archaeological,Single sequence,South Africa,ZA,Africa,0,-28.495179,24.539593,800,1100,950.0,,6,0,1,1,0,0,0,0,0,0,0,0,0,0,1,1,0,1,0,0,0,0,1,0,0,0,0,0,0,0,0,0,0,0
22,Pleurdeau 2006,Porc epic,Bifacially retouched points that are unidirectionally flaked made on first scheme cores  that are centripetally prepared  (like Fig. 5.1) fig. 8.,H. sapiens,Other,Archaeological,Single sequence,Ethiopia,ET,Africa,0,9.509334,41.901531,60,80,70.0,,11,0,1,1,0,0,0,0,1,0,0,0,0,0,1,1,0,1,1,0,0,0,1,0,0,0,0,0,0,1,0,1,1,0
23,Pleurdeau 2006,Porc epic,Scheme 4 blade production where core is prepped with crested blades. Blanks are from bidirectional reduction. Those blanks are backed to form backed pieces.,H. sapiens,Other,Archaeological,Single sequence,Ethiopia,ET,Africa,0,9.532263,41.874222,60,80,70.0,,9,0,0,0,0,1,0,1,1,0,0,0,0,0,1,1,0,1,0,0,0,0,1,0,0,1,1,0,0,0,0,0,0,0
24,Pleurdeau 2006,Porc epic,whole assemblage,H. sapiens,Other,Archaeological,Whole assemblage,Ethiopia,ET,Africa,0,9.493042,41.881811,60,80,70.0,,16,0,1,1,0,1,0,1,1,0,0,0,0,0,1,1,0,1,1,0,0,0,1,0,0,1,1,1,0,1,0,1,1,0
25,Harmand et. al. 2015,Lomekwi 3,Bipolar unifacial core (LOM3-2012-H18-1 3.45 kg) bipolar technique. Extended Data Fig. 6b for more details.,Unattributed,Lomekwian,Archaeological,Single sequence,Kenya,KE,Africa,0,3.758121,35.718613,3210,3330,3270.0,,3,0,0,0,0,0,0,0,0,0,0,0,0,0,1,0,1,1,0,0,0,0,0,0,0,0,0,0,0,0,0,0,0,0
26,Harmand et. al. 2015,Lomekwi 3,whole assemblage,Unattributed,Lomekwian,Archaeological,Whole assemblage,Kenya,KE,Africa,0,3.754466,35.751081,3210,3330,3270.0,,3,0,0,0,0,0,0,0,0,0,0,0,0,0,1,0,1,1,0,0,0,0,0,0,0,0,0,0,0,0,0,0,0,0
27,Delagnes and Roche 2005,Lokalalei 2c,Lokalalei 2c Fig. 6. Refitting group 2 (8 items).,Unattributed,Oldowan,Archaeological,Single sequence,Kenya,KE,Africa,0,3.930279,35.784084,2290,2390,2340.0,,4,0,0,0,0,0,0,0,0,0,0,0,0,0,1,1,0,1,0,0,0,0,0,0,0,1,0,0,0,0,0,0,0,0
28,Delagnes and Roche 2005,Lokalalei 2c,Whole assemblage,Unattributed,Oldowan,Archaeological,Whole assemblage,Kenya,KE,Africa,0,3.891741,35.76898,2290,2390,2340.0,,4,0,0,0,0,0,0,0,0,0,0,0,0,0,1,1,0,1,0,0,0,0,0,0,0,1,0,0,0,0,0,0,0,0
29,Plummer and Bishop 2016,Kanjera,Kanjera retouched flakes from centripetal cores Fig 2,Unattributed,Oldowan,Archaeological,Single sequence,Kenya,KE,Africa,0,0.372989,34.534758,1950,2300,2125.0,Plummer et al. 2009. oldest evidenceof toolmaking hominins in a grassland dominated ecosystem,4,0,0,0,0,0,0,0,0,0,0,0,0,0,1,1,0,1,0,0,0,0,1,0,0,0,0,0,0,0,0,0,0,0
30,Plummer and Bishop 2016,Kanjera,Whole assemblage,Unattributed,Oldowan,Archaeological,Whole assemblage,Kenya,KE,Africa,0,0.323151,34.543918,1950,2300,2125.0,Plummer et al. 2009. oldest evidenceof toolmaking hominins in a grassland dominated ecosystem,4,0,0,0,0,0,0,0,0,0,0,0,0,0,1,1,0,1,0,0,0,0,1,0,0,0,0,0,0,0,0,0,0,0
31,Diez-Martin et al. 2009,Olduvai Bed II BK,Olduvai Bed II Bifacial multipolar centripetal hierarchized cores from BK 3. Look like recurrent centripetal levallois.,Unattributed,Oldowan (probable),Archaeological,Single sequence,Tanzania,TZ,Africa,0,-2.964758,35.348857,1645,1805,1725.0,McHenry et al. 2018. Figure 2,6,0,1,0,0,0,0,0,0,0,0,0,0,0,1,1,0,1,0,0,0,0,1,0,0,1,0,0,0,0,0,0,0,0
32,Diez-Martin et al. 2009,Olduvai Bed II BK,Hierarchized cores and bipolar reduction.,Unattributed,Oldowan (probable),Archaeological,Whole assemblage,Tanzania,TZ,Africa,0,-3.029339,35.372679,1645,1805,1725.0,McHenry et al. 2018. Figure 2,7,0,1,0,0,0,0,0,0,0,0,0,0,0,1,1,1,1,0,0,0,0,1,0,0,1,0,0,0,0,0,0,0,0
33,Isaac 1977,Olorgesaillie,Olorgesaillie Biface with invasive scarring. Plate 59. Tr. Tr. 140-150 floor.,Unattributed,Acheulean,Archaeological,Single sequence,Kenya,KE,Africa,0,-1.650205,35.990779,500,1200,850.0,,5,0,0,0,0,0,0,0,0,0,0,0,0,0,1,1,0,1,0,0,0,0,1,0,0,0,0,0,0,0,0,1,0,0
34,Clark 1971,Starr Carr,backed and burinated bladelets from bladelet cores rejuvinated through debordante,H. sapiens,Other,Archaeological,Single sequence,United Kingdom,GB,Europe,0,54.174057,-0.406907,10.4,10.7,10.55,,12,0,0,0,0,0,0,0,1,0,0,1,1,1,1,1,0,1,0,0,0,0,1,0,0,1,1,0,1,1,0,0,0,0
35,Barzilai and Ashkenazy 2015,Nahal Sekher VI,bifacially Backed lunates made on mbt bladelets struck from single platform cores like those illustrated in figure 15. Though we code facetting as present given their description in the text and in core figure 16.  Rejuvinated with tablets and established with crested bladelets. no debordantes,H. sapiens,Other,Archaeological,Single sequence,Israel,IL,Asia,0,31.223827,34.898652,11.8,13.6,12.7,,14,0,1,0,0,0,0,1,0,1,0,1,0,1,1,1,1,1,0,0,0,0,1,0,0,0,1,1,1,0,0,1,0,0
36,Barzilai and Ashkenazy 2015,Nahal Sekher VI,Whole assemblage,H. sapiens,Other,Archaeological,Whole assemblage,Israel,IL,Asia,0,31.181782,34.882401,11.8,13.6,12.7,,15,0,1,0,0,0,0,1,0,1,0,1,0,1,1,1,1,1,0,0,0,0,1,0,0,1,1,1,1,0,0,1,0,0
37,Stout et al. 2014,Boxgrove,Handaxes with tranchet sharpening knapped with hard and softhammers.Platforms are prepared through facetting but little sign of abrasion and microchipping.,H. heidelbergensis,Acheulean,Archaeological,Single sequence,United Kingdom,GB,Europe,0,50.902632,-0.6796,478,524,501.0,,9,0,1,0,0,0,0,0,0,0,0,0,0,0,1,1,0,1,1,0,0,0,1,0,0,0,0,0,0,0,1,1,1,0
38,Pasda 2017,Munzingen,Blades from prepared unidirectional blade cores with nflksrfc prepared platform and face shaped. including microchipping. Fashioned into burinated and retouched pieces. Fig 2. 11 fig 6. 1.Overall not a full description of the reductions equence but rich description of the kinds of artifacts present and some of their relationships.,H. sapiens,Other,Archaeological,Single sequence,Germany,DE,Europe,0,48.05774,7.693459,18,20,19.0,,10,0,0,0,0,1,1,0,1,0,0,0,0,1,1,1,0,1,0,0,0,0,1,0,0,1,0,0,1,0,0,0,0,0
39,Pasda 2017,Munzingen,Whole assemblage,H. sapiens,Other,Archaeological,Whole assemblage,Germany,DE,Europe,0,48.098257,7.682806,18,20,19.0,,13,0,0,0,0,1,1,1,1,0,0,0,0,1,1,1,0,1,0,0,0,0,1,0,0,1,1,1,1,0,0,0,0,0
40,Hahn and Owen 1985,Geissenklosterle Cave Aurignacian,Aurignacian blade cores in figure 2. Most coding based on description of tech.,H. sapiens,Other,Archaeological,Single sequence,Germany,DE,Europe,0,48.302965,9.78398,38.7,41.7,40.2,Richter et al. 2000 Thermoluminescence…. JAS,10,0,0,0,0,0,0,1,0,0,0,1,0,1,1,1,0,1,1,0,0,1,1,0,0,1,0,0,0,0,0,0,0,0
41,Hahn and Owen 1985,Geissenklosterle Cave Aurignacian,Whole assemblage,H. sapiens,Other,Archaeological,Whole assemblage,Germany,DE,Europe,0,48.444903,9.736746,38.7,41.7,40.2,Richter et al. 2000 Thermoluminescence…. JAS,11,0,1,0,0,0,0,1,0,0,0,1,0,1,1,1,0,1,1,0,0,1,1,0,0,1,0,0,0,0,0,0,0,0
42,Hahn and Owen 1985,Geissenklosterle Cave Gravettian,Gravettian blade cores. Most coding based on description.,H. sapiens,Other,Archaeological,Single sequence,Germany,DE,Europe,0,48.445396,9.776872,28.75,29.25,29.0,Richter et al. 2000 Thermoluminescence…. JAS,15,0,1,0,0,0,1,1,1,0,0,1,1,1,1,1,0,1,0,1,0,1,1,0,0,1,0,0,1,0,0,0,0,0
43,Hahn and Owen 1985,Geissenklosterle Cave Gravettian,Whole assemblage,H. sapiens,Other,Archaeological,Whole assemblage,Germany,DE,Europe,0,48.403333,9.802604,28.75,29.25,29.0,Richter et al. 2000 Thermoluminescence…. JAS,15,0,1,0,0,0,1,1,1,0,0,1,1,1,1,1,0,1,0,1,0,1,1,0,0,1,0,0,1,0,0,0,0,0
44,Aubrey et al. 2008,Maitreaux,Solutrean points on cobble blanks,H. sapiens,Other,Archaeological,Single sequence,France,FR,Europe,0,46.751147,0.936625,19,21,20.0,,14,0,1,0,0,0,0,0,0,1,0,0,1,1,1,1,0,1,1,0,1,0,1,0,0,0,0,0,0,1,0,1,1,1
45,Gallotti 2013,Garba Ivd,Retouched flakes from centripetally prepared cores. flakes with facetted butts. retouched.,Unattributed,Acheulean (probable),Archaeological,Single sequence,Ethiopia,ET,Africa,0,8.617387,38.58595,1458,1918,1688.0,,7,0,1,1,0,0,0,0,0,0,0,0,0,0,1,1,0,1,0,0,0,0,1,0,0,1,0,0,0,0,0,0,0,0
46,Gallotti 2013,Garba Ivd,Whole assemblage including flakes that are retouched to notches/scrapers as well as lct,Unattributed,Acheulean (probable),Archaeological,Whole assemblage,Ethiopia,ET,Africa,0,8.807055,38.605811,1458,1918,1688.0,,10,0,1,1,0,0,0,0,0,0,0,0,0,0,1,1,0,1,0,0,0,0,1,0,0,1,1,1,0,0,0,1,0,0
47,Conard and Adler 1997,Wallertheim West Concentration,Unidirectional blade production where blades are retouched and burinated. On gray andesite figure 11. Figure 10. discussion in160-,H. neanderthalensis,Other,Archaeological,Single sequence,Germany,DE,Europe,0,49.843803,8.066093,92,105,98.5,Conard et al. new geological research at the Middle Paleolithic Locality of Wallertheim in Rheinhessen 1995,10,0,1,0,0,0,0,0,1,0,0,1,0,0,1,1,0,1,0,0,0,0,1,0,0,1,1,0,1,0,0,0,0,0
48,Conard and Adler 1997,Wallertheim West Concentration,Whole assemblage,H. neanderthalensis,Other,Archaeological,Whole assemblage,Germany,DE,Europe,0,49.76997,8.056405,92,105,98.5,Conard et al. new geological research at the Middle Paleolithic Locality of Wallertheim in Rheinhessen 1995,10,0,1,0,0,0,0,0,1,0,0,1,0,0,1,1,0,1,0,0,0,0,1,0,0,1,1,0,1,0,0,0,0,0
49,Torre et al. 2008,RHS-Mugulud Peninj,Large cutting tool on flake that is retouched through rough facconage.,Unattributed,Acheulean,Archaeological,Single sequence,Tanzania,TZ,Africa,0,-2.385976,35.919402,1100,1500,1300.0,,6,0,1,0,0,0,0,0,0,0,0,0,0,0,1,1,0,1,0,0,0,0,1,0,0,0,0,0,0,0,0,1,0,0
50,Torre et al. 2008,RHS-Mugulud Peninj,Whole assemblage,Unattributed,Acheulean,Archaeological,Whole assemblage,Tanzania,TZ,Africa,0,-2.263137,35.919954,1100,1500,1300.0,,7,0,1,0,0,0,0,0,0,0,0,0,0,0,1,1,0,1,0,0,0,0,1,0,0,1,0,0,0,0,0,1,0,0
51,Villa et al. 2016,Torre in Pietra level M,Large cutting tool on a limestone cobble. Figure P. pigorini museum catalogue number 184769,Unattributed,Acheulean,Archaeological,Single sequence,Italy,IT,Europe,0,42.28171,11.749222,331,359,345.0,,5,0,0,0,0,0,0,0,0,0,0,0,0,0,1,1,0,1,0,0,0,0,1,0,0,0,0,0,0,0,0,1,0,0
52,Villa et al. 2016,Torre in Pietra level M,Whole assemblage,Unattributed,Acheulean,Archaeological,Whole assemblage,Italy,IT,Europe,0,42.303435,11.774881,331,359,345.0,,8,0,0,0,0,0,0,0,0,0,0,0,0,0,1,1,0,1,0,0,0,0,1,0,0,1,1,1,0,0,0,1,0,0
53,Villa et al. 2016,Torre in Pietra level D,Levallois flaking no parallel unidirectional,Unattributed,Other,Archaeological,Single sequence,Italy,IT,Europe,0,42.27041,11.69882,240,270,255.0,,7,0,1,1,0,0,0,0,1,0,0,0,0,0,1,1,0,1,0,0,0,0,1,0,0,0,0,0,0,0,0,0,0,0
54,Villa et al. 2016,Torre in Pietra level D,Whole assemblage,Unattributed,Other,Archaeological,Whole assemblage,Italy,IT,Europe,0,42.311016,11.739921,240,270,255.0,,12,0,1,1,0,0,0,0,1,0,0,0,0,0,1,1,1,1,0,0,0,0,1,0,0,1,1,1,0,0,0,1,0,0
55,Gilbert et al. 2016,Hugub KK51,Large cutting tool on a flake. invasive removals. lots of retouch. Facetted butt. likely from prepared core but that part of the chain operatoire was not here.,Unattributed,Acheulean,Archaeological,Single sequence,Ethiopia,ET,Africa,0,9.835661,40.099173,500,600,550.0,,6,0,1,0,0,0,0,0,0,0,0,0,0,0,1,1,0,1,0,0,0,0,1,0,0,0,0,0,0,0,0,1,0,0
56,Gilbert et al. 2016,Hugub KK51,Whole assembladge,Unattributed,Acheulean,Archaeological,Whole assemblage,Ethiopia,ET,Africa,0,9.723068,40.095036,500,600,550.0,,10,0,1,0,0,0,0,0,0,0,0,0,0,0,1,1,1,1,0,0,0,0,1,0,0,1,1,1,0,0,0,1,0,0
57,Texier 1995,NY 18 Nyabusosi,Oldowan flake production on prepared radial cores with some evidence for debordante removals. While retouch is described in the paper it isn't clear if the prepared core flakes were retouched.,Unattributed,Oldowan,Archaeological,Single sequence,Uganda,UG,Africa,0,0.920519,30.306666,1500,2000,1750.0,,7,0,1,1,0,0,0,0,1,0,0,0,0,0,1,1,0,1,0,0,0,0,1,0,0,0,0,0,0,0,0,0,0,0
58,Texier 1995,NY 18 Nyabusosi,Whole assemblage,Unattributed,Oldowan,Archaeological,Whole assemblage,Uganda,UG,Africa,0,0.964876,30.343459,1500,2000,1750.0,,10,0,1,1,0,0,0,0,1,0,0,0,0,0,1,1,0,1,0,0,0,0,1,0,0,1,1,1,0,0,0,0,0,0
59,Schimelmitz et al. 2011,Qesem Cave,Systematic blade production from core prepared with a crest rejuvinated with tablets face is shaped with debordantes. Distal convexities managed with overshot flaking.  Where the product is retouched and burinated.  Based on figure 11. number 4 a prismatic core.,Unattributed,Other,Archaeological,Single sequence,Israel,IL,Asia,0,31.933707,34.970458,194,420,307.0,Gopher et al. 2010. chronology of late lower pal. in Quaternary Geochron.,12,0,1,0,0,0,0,1,1,1,0,1,0,0,1,1,0,1,0,0,0,0,1,0,0,1,1,0,1,0,0,0,0,0
60,Barkai et al. 2005 and Barzilai et al. 2011,Qesem Cave,Whole assemblage blades and bifaces. Nahr Ibrahim tech. NO levallois.,Unattributed,Other,Archaeological,Whole assemblage,Palestine,PS,Asia,0,32.066528,34.983486,194,420,307.0,Gopher et al. 2010. chronology of late lower pal. in Quaternary Geochron.,16,0,1,0,0,0,0,1,1,1,1,1,0,0,1,1,0,1,0,0,0,0,1,0,0,1,1,1,1,0,0,1,1,0
61,Chazan 2001a,La Farressie,Bladelet production on a blade whose face is shaped and is invasively flaked. Figure 3. Vachons burin production method. The initial steps of the blade core production are not fully described the platforms are described as well prepared but not specified about whether this involves facetting abrasion. Cresting is present in early stages but in lateral form.,H. sapiens,Other,Archaeological,Single sequence,France,FR,Europe,0,44.879293,0.884402,26.7,28.7,27.7,,12,0,0,0,0,1,0,1,0,0,0,0,0,0,1,1,0,1,1,0,0,0,1,0,0,1,1,1,1,0,0,0,1,0
62,Fernandez 2005,Cueva Morin levels 9-10,Blade/ Bladelet production on prismatic cores,H. sapiens,Other,Archaeological,Single sequence,Spain,ES,Europe,0,43.359168,-3.896822,35,38,36.5,,13,0,1,0,0,1,0,1,1,0,0,1,1,1,1,1,0,1,0,0,0,0,1,0,0,1,0,0,1,0,0,0,0,0
63,Chazan 2001b,Hayonim cave level D.,Bladelet production on endscraper on a flake. notched to manage lateral convexities and narrow working surface. step 4 include debordante removals.,H. sapiens,Other,Archaeological,Single sequence,Israel,IL,Asia,0,32.899286,35.280769,21,30,25.5,,8,0,0,0,0,0,0,1,0,0,0,0,0,0,1,1,0,1,0,0,0,0,1,0,0,1,1,1,0,0,0,0,0,0
64,Clarkson et a. 2015,Ka'eo quarry,Quadrangular adze production on flake.,H. sapiens,Other,Archaeological,Single sequence,United States of America,US,North America,0,21.171681,-157.184841,0.2,0.6,0.4,,16,0,1,0,1,1,0,1,0,1,0,0,1,0,1,1,1,1,1,0,0,0,1,0,0,0,0,0,0,1,1,1,1,0
65,Clarkson et a. 2015,Ka'eo quarry,Whole assemblage (only adze prod).,H. sapiens,Other,Archaeological,Whole assemblage,United States of America,US,North America,1,21.303986,-157.206239,0.2,0.6,0.4,,16,0,1,0,1,1,0,1,0,1,0,0,1,0,1,1,1,1,1,0,0,0,1,0,0,0,0,0,0,1,1,1,1,0
66,Malinsky-Buller et al. 2014,Ein Qashish,Blades/bladelets from narrow fronted single platform cores. As in figure 5. With abraded and microchiped platforms. Retouch is conservatively assessed by the authors given taphonomic history of site. So I counted only rt as present no more.,H. neanderthalensis,Other,Archaeological,Single sequence,Israel,IL,Asia,0,32.739551,35.071022,55,65,60.0,,13,0,1,0,0,1,0,1,1,0,0,1,1,1,1,1,0,1,1,0,0,0,1,0,0,1,0,0,0,0,0,0,0,0
67,Malinsky-Buller et al. 2014,Ein Qashish,Whole assemblage,H. neanderthalensis,Other,Archaeological,Whole assemblage,Israel,IL,Asia,0,32.607159,35.084973,55,65,60.0,,21,0,1,1,1,1,0,1,1,0,1,1,1,1,1,1,0,1,1,0,0,0,1,0,0,1,1,1,1,0,0,1,1,0
68,Shimelmitz and Kuhn 2013,Tabun IX D,"Levallois points from elongated levallois cores through unidirectional convergence method.  Figure 4 shows good example of debordante and facetting plus tablet scars. In text they discuss how distal convexities were sometimes managed from distal removals Debordantes seem to be treated as the same as NBK but not sure. Either way there's discussion of debordants. Really good example of needing a coding system to interpret phrases. ""Maintaining the core's distal convexity through intentionally striking over- passing flakes and blades is a delicate business. In some cases small flakes also were removed from the end of the core opposite the main striking platform to help maintain the required distal convexity of core faces.""",Unattributed,Other,Archaeological,Single sequence,Israel,IL,Asia,1,32.701091,34.931184,231,283,257.0,Mercier et al. 2003. 257 +_ 26,10,0,1,0,0,1,0,0,1,0,0,1,0,1,1,1,0,1,0,0,0,0,1,0,0,1,0,0,0,0,0,0,0,0
69,Spinapolice et al. 2014,Jebel Gharbi SJ-00-58A,Aterian tanged flakes made on blade cores. This paper is light on the full details but references boeda to indicate that all steps are present.,H. sapiens,Other,Archaeological,Single sequence,Libya,LY,Africa,0,31.992947,12.013013,27,85,56.0,,10,0,1,0,0,0,0,0,1,0,0,0,0,1,1,1,0,1,0,0,0,0,1,0,0,0,1,0,0,1,0,1,0,0
70,Groucutt 2014,Tor Faraj,Levallois points from preferential unidirectional convergent prepared cores. Reported top right of fig 4. Deb. prep of lat margins. overshot of points repreps the distal convexity. Some bidirectional prep /management of disatl convexity that way. Retouch is limited.  no mention of soft.,Unattributed,Other,Archaeological,Single sequence,Israel,IL,Asia,0,29.931241,34.759004,50,70,60.0,,10,0,1,0,0,1,0,0,1,1,0,0,0,1,1,1,0,1,0,0,0,0,1,0,0,1,0,0,0,0,0,0,0,0
71,Hublin et al. 1987 and Richter et al. 2017,Jebel Irhoud,"preferential levallois points lots of preparation trimming of lateral and distal convexities no mention of debordantes no soft hammer percussion. Invasive retouch. removal of butt. Lots of color in the description of the tech. On soft hammer: "" Il n'y a qu'un éclat pouvant avoir été débité au percuteur tendre... donc il n'y en a pas ! "". No cores.",H. sapiens,Other,Archaeological,Single sequence,Morocco,MA,Africa,0,32.331585,-9.222535,281,349,315.0,Richter et al. 2017,8,0,1,1,0,0,0,0,0,0,0,0,0,1,1,1,0,1,0,0,0,0,1,0,0,1,0,0,0,0,0,0,0,0
72,Wilkins and Chazan 2012,Kathu Pan 1,Blades made on levallois cores. retouched,Unattributed,Other,Archaeological,Single sequence,South Africa,ZA,Africa,0,-27.568137,23.017538,464,682,573.0,,10,0,1,1,0,0,0,0,1,0,0,0,1,1,1,1,0,1,0,0,0,0,1,0,0,1,0,0,0,0,0,0,0,0
73,Wilkins and Chazan 2012,Kathu Pan 1,Whole,Unattributed,Other,Archaeological,Whole assemblage,South Africa,ZA,Africa,0,-27.640958,23.002852,464,682,573.0,,12,0,1,1,1,0,0,0,1,0,0,0,1,1,1,1,0,1,0,0,0,0,1,0,0,1,0,0,0,0,0,1,0,0
74,Coutouly 2017,Amakomanak,Microblade manufacture. inferred from description in text and based on figure 4. microblade core number 21976.,H. sapiens,Other,Archaeological,Single sequence,United States of America,US,North America,0,66.951504,-156.75794,9.4,9.6,9.5,,13,0,1,0,0,1,1,1,1,0,0,1,1,1,1,1,0,1,0,0,1,0,1,0,0,0,0,0,0,0,0,0,0,0
75,Wilson et al. 2011,High River,Marlan's F1 sequence 1970. Microblade reduction figure 5 core 3 in 2011 text.,H. sapiens,Other,Archaeological,Single sequence,Canada,CA,North America,0,50.663514,-113.797379,8,9,8.5,,13,0,1,0,0,1,1,1,1,0,0,1,0,0,1,1,0,1,1,0,1,0,1,0,0,0,0,0,1,0,0,0,0,0
76,Wilson et al. 2011,High River,Whole assemblage only microblade tech,H. sapiens,Other,Archaeological,Whole assemblage,Canada,CA,North America,0,50.609299,-113.782873,8,9,8.5,,13,0,1,0,0,1,1,1,1,0,0,1,0,0,1,1,0,1,1,0,1,0,1,0,0,0,0,0,1,0,0,0,0,0
77,Desrosiers and Gendron 2004,GhGk-63,Microblade manufacture then retouched into point. for example figure 5.5,H. sapiens,Other,Archaeological,Single sequence,Canada,CA,North America,1,55.319928,-77.773662,1.6,2.1,1.85,,17,0,1,0,1,0,1,1,1,1,0,1,0,1,1,1,0,1,1,0,1,0,1,0,0,1,1,0,0,1,0,0,0,0
78,Desrosiers and Gendron 2004,GhGk-63,Whole assemblage,H. sapiens,Other,Archaeological,Whole assemblage,Canada,CA,North America,0,55.155382,-77.76602,1.6,2.1,1.85,,21,0,1,0,1,0,1,1,1,1,0,1,0,1,1,1,0,1,1,0,1,0,1,0,0,1,1,0,1,1,0,1,1,1
79,Rankama and Kankaanpaa 2011,Sujula,Blade manufacture on carefully prepared blade cores bifacial crest no debordantes mentioned. abrasion and microchipping (described as core edge trimming flakes) of platform are nearly universal. NO flake tech here. core tablets and distal convexity management are common. RT coded as pieces with backing and burination.,H. sapiens,Other,Archaeological,Single sequence,Finland,FI,Europe,0,69.871147,27.291296,9.7,10.5,10.1,,19,0,1,0,0,1,1,1,0,1,0,1,1,1,1,1,1,1,0,1,1,0,1,0,0,1,1,0,1,0,0,0,1,0
80,Rankama and Kankaanpaa 2011,Sujula,Whole assemblage. Blade manufacture on carefully prepared blade cores bifacial crest no debordantes mentioned. abrasion and microchipping (described as core edge trimming flakes) of platform are nearly universal. NO flake tech here. core tablets and distal convexity management are common.,H. sapiens,Other,Archaeological,Whole assemblage,Finland,FI,Europe,0,69.721419,27.299905,9.7,10.5,10.1,,20,0,1,0,0,1,1,1,0,1,0,1,1,1,1,1,1,1,0,1,1,0,1,0,0,1,1,0,1,0,0,1,1,0
81,Paige 2022,Reeve Ranch Ruin,Bipolar percussion of obsidian cobble some of those bipolar flakes are set aside platforms abraded pressure flaked to form arrowheads with tangs.,H. sapiens,Other,Archaeological,Single sequence,United States of America,US,North America,0,32.383402,-110.483526,0.6,0.7,0.65,,9,0,0,0,0,0,0,0,0,0,0,0,1,0,1,1,1,1,0,0,0,0,1,0,0,0,0,0,0,0,0,1,1,1
82,Paige 2022 and Lagarde and Sand 2013,WKO013A,Conical and biconical discoid core reduction without platform preparation. Likely soft hammer included. Flakes have removals across ventral and along lateral margins often.,H. sapiens,Other,Archaeological,Single sequence,New Caledonia,NC,Oceania,0,-21.057901,164.881847,2.15,3,2.575,,9,0,0,0,0,0,0,0,0,0,1,0,0,0,1,1,0,1,1,0,0,0,1,0,0,1,1,0,1,0,0,0,0,0
83,Paige 2022 and Lagarde and Sand 2013,WKO013A,Whole assembl.,H. sapiens,Other,Archaeological,Whole assemblage,New Caledonia,NC,Oceania,0,-21.090244,164.879064,2.15,3,2.575,,11,0,0,0,0,0,0,0,0,0,1,0,0,0,1,1,1,1,1,0,0,0,1,0,0,1,1,0,1,0,0,0,1,0
84,Adler et al. 2014,Nor Geghi 1,Preferential levallois points made on cores on flakes. Debord is described as present but in my classification these are lateral trimming flakes. Flakes are facetted. The assembalge is heavily patinated and worn so less clear about association between pref levall and retouch. Scrapers are common though/,Unattributed,Other,Archaeological,Single sequence,Armenia,AM,Asia,0,40.265007,44.584049,304,435,369.5,,10,0,1,1,1,0,0,0,0,0,0,0,0,1,1,1,0,1,0,0,0,0,1,0,0,1,1,0,0,0,0,0,0,0
85,Adler et al. 2014,Nor Geghi 1,Whole assemblage,Unattributed,Other,Archaeological,Whole assemblage,Armenia,AM,Asia,0,40.234825,44.598489,304,435,369.5,,15,0,1,1,1,0,0,0,0,0,1,0,0,1,1,1,0,1,1,0,0,0,1,0,0,1,1,1,0,0,0,1,1,0
86,Dietler 2003,China Harbor,Microblade manufacture on amorphous core.  Figure 7 of Dietler 2003 thesis with bevelled platform preparation. fig 8. on core on flake.,H. sapiens,Other,Archaeological,Single sequence,United States of America,US,North America,1,33.911107,-119.608839,0.1,0.8,0.45,Dietler 2003:63. also cites Arnold 1987a:184-185,11,0,1,0,1,0,0,1,0,1,0,0,0,1,1,1,0,1,1,0,1,0,1,0,0,0,0,0,0,0,0,0,0,0
87,Cassidy et al. 2014,Eel Point early,Wedge shaped microblade core in figure 6a.,H. sapiens,Other,Archaeological,Single sequence,United States of America,US,North America,1,32.610642,-118.200571,7.95,8.55,8.25,,10,0,0,0,1,1,1,0,0,0,0,0,0,0,1,1,0,1,0,0,0,0,1,0,0,1,0,0,1,0,0,0,1,0
88,Cassidy et al. 2014,Eel Point early,Whole assemblage,H. sapiens,Other,Archaeological,Whole assemblage,United States of America,US,North America,1,32.535197,-118.184211,7.95,8.55,8.25,,11,0,0,0,1,1,1,0,0,0,0,0,0,0,1,1,0,1,0,0,0,0,1,0,0,1,1,0,1,0,0,0,1,0
89,Pavlides and Kennedy 2007,GAC Layers 1-3,discoidal technology with some platform prep of flakes in form of facetting and backing of tools,H. sapiens,Other,Archaeological,Single sequence,Papua New Guinea,PG,Oceania,1,-2.096655,147.361173,2,4.4,3.2,Kennedy 1983:116 for young date rc for old date reported in this text,7,0,1,0,0,0,0,0,0,0,0,0,0,1,1,1,0,1,0,0,0,0,0,0,0,0,1,0,0,0,0,1,0,0
90,Pavlides and Kennedy 2007,GAC Layers 1-3,Whle assemblage,H. sapiens,Other,Archaeological,Whole assemblage,Papua New Guinea,PG,Oceania,0,-2.067835,147.38779,2,4.4,3.2,Kennedy 1983:116 for young date rc for old date reported in this text,10,0,1,0,0,0,0,0,0,0,0,0,0,1,1,1,1,1,0,0,0,0,0,0,0,1,1,1,0,0,0,1,0,0
91,Pavlides and Kennedy 2007,GFJ,discoidal technology  and backing of tools,H. sapiens,Other,Archaeological,Single sequence,Papua New Guinea,PG,Oceania,1,-2.208487,147.03451,2,4.7,3.35,Kennedy 1983:116 for young date rc for old date reported in this text,6,0,0,0,0,0,0,0,0,0,0,0,0,1,1,1,0,1,0,0,0,0,0,0,0,0,1,0,0,0,0,1,0,0
92,Pavlides and Kennedy 2007,GFJ,Whole assemblage litle,H. sapiens,Other,Archaeological,Whole assemblage,Papua New Guinea,PG,Oceania,0,-2.039105,147.065679,2,4.7,3.35,Kennedy 1983:116 for young date rc for old date reported in this text,8,0,0,0,0,0,0,0,0,0,0,0,0,1,1,1,0,1,0,0,0,0,0,0,0,1,1,1,0,0,0,1,0,0
93,Braun et al. 2019,Bokol Dora 1,Simple flake production on rotated cores. no platform prep facetting retouch.,Unattributed,Oldowan,Archaeological,Single sequence,Ethiopia,ET,Africa,0,11.266445,40.860244,2580,2610,2595.0,,3,0,0,0,0,0,0,0,0,0,0,0,0,0,1,1,0,1,0,0,0,0,0,0,0,0,0,0,0,0,0,0,0,0
94,Braun et al. 2019,Bokol Dora 1,Whole assemblage,Unattributed,Oldowan,Archaeological,Whole assemblage,Ethiopia,ET,Africa,0,11.418864,40.903827,2580,2610,2595.0,,3,0,0,0,0,0,0,0,0,0,0,0,0,0,1,1,0,1,0,0,0,0,0,0,0,0,0,0,0,0,0,0,0,0
95,Proffitt et al. 2016,Oitenta,Striking of hammers onto anvil/substrate resulting in flake removals.,S. libidinosus,Other,Primate,Single sequence,,,,0,,,0,0.5,0.25,,1,0,0,0,0,0,0,0,0,0,0,0,0,0,1,0,0,0,0,0,0,0,0,0,0,0,0,0,0,0,0,0,0,0
96,Mercader et al. 2006,Noulo,hard hammers and used to strike nuts on anvils,P. troglodytes,Other,Primate,Single sequence,,,,0,,,2.5,4.5,3.5,,2,0,0,0,0,0,0,0,0,0,0,0,0,0,1,0,1,0,0,0,0,0,0,0,0,0,0,0,0,0,0,0,0,0
97,Visalberghi et al. 2015,Tai,hard hammers and used to strike nuts on anvils,P. troglodytes,Other,Primate,Single sequence,,,,0,,,0,0,0.0,,2,0,0,0,0,0,0,0,0,0,0,0,0,0,1,0,1,0,0,0,0,0,0,0,0,0,0,0,0,0,0,0,0,0
98,Visalberghi et al. 2015,Fazenda Boa Vista,hard hammers and used to strike nuts on anvils,S. libidinosus,Other,Primate,Single sequence,,,,0,,,0,0,0.0,,2,0,0,0,0,0,0,0,0,0,0,0,0,0,1,0,1,0,0,0,0,0,0,0,0,0,0,0,0,0,0,0,0,0
99,Gumert and Malaivijitnond 2012,Lameson National Park,hard hammers and used to crack crustaceans on a hard substrate,M. fascicularis aurea,Other,Primate,Single sequence,,,,0,,,0,0,0.0,,2,0,0,0,0,0,0,0,0,0,0,0,0,0,1,0,1,0,0,0,0,0,0,0,0,0,0,0,0,0,0,0,0,0
100,Moore and Perston 2015,Spandrels experiment,Acheulean handaxe no retouch invasive flaking.,Not applicable (experimental),Acheulean (probable),Experimental,Single sequence,,,,0,,,0,0,0.0,,4,0,0,0,0,0,0,0,0,0,0,0,0,0,1,1,0,1,0,0,0,0,1,0,0,0,0,0,0,0,0,0,0,0
101,Moore and Perston 2015,Spandrels experiment,Proto-levallois core convexities arguably shaped through centripetal removals but no facetting of platform/preparation. No retouch.,Not applicable (experimental),Other,Experimental,Single sequence,,,,0,,,0,0,0.0,,6,0,0,1,0,0,0,0,0,0,0,0,0,0,1,1,0,1,0,0,0,0,1,0,0,0,0,0,1,0,0,0,0,0
102,Roussell et al. 2016,Quincay cave,Chatelperronian retouched bladelets from cores prepared by cresting some examples of distal convexities managed and core tablets. and debordantes,H. neanderthalensis,Other,Archaeological,Single sequence,France,FR,Europe,0,46.657896,0.254722,40,45,42.5,,12,0,1,0,0,1,0,1,1,0,0,1,0,1,1,1,0,1,0,0,0,0,1,0,0,1,1,0,0,0,0,0,0,0
103,Otte 1990 and 1994,Rocourt,Laminar flakes that are burinated and backed. produced through a recurrent blade production sequence with initial cresting lat convexity and distal convexity maintenance through debordantes. No sign of soft hammer or indirect hammer.,H. neanderthalensis,Other,Archaeological,Single sequence,Belgium,BE,Europe,0,50.668812,5.463733,50,70,60.0,,11,0,1,0,0,0,0,1,1,1,0,0,0,0,1,1,0,1,0,0,0,0,1,0,0,1,1,0,1,0,0,0,0,0
104,Slimak 1999,Champ Grande,Blades relying on initial shape of cobble with natural dihedral corner. shaping is slight some cresting to form corner better. Examples in fig. 8. 2 3 4. facetting performed. some bipolar percussion Slimak suggests is used to maintain distal convexity. Cautious in describing tablets as present. So no tablets. Soft hammer seems maybe but they don't say for sure present as far as I can tell.,H. neanderthalensis,Other,Archaeological,Single sequence,France,FR,Europe,0,45.927759,4.035602,50,71,60.5,Slimak pers. comm. According to geological analyis.,10,0,1,0,0,1,0,1,0,0,0,0,0,0,1,1,0,1,1,0,0,0,1,0,0,1,0,0,1,0,0,0,0,0
105,Slimak 1999,Champ Grande,Whole assemblage,H. neanderthalensis,Other,Archaeological,Whole assemblage,France,FR,Europe,0,45.969033,4.070769,50,71,60.5,Slimak pers. comm. According to geological analyis.,13,0,1,0,0,1,0,1,0,0,0,0,0,1,1,1,0,1,1,0,0,0,1,0,0,1,1,1,1,0,0,0,0,0
106,Leach and Leach 2019,Oterahua,Blade reduction at Oturehua,H. sapiens,Other,Archaeological,Whole assemblage,New Zealand,NZ,Oceania,0,-45.437417,170.617771,0.72,1,0.86,,7,0,0,0,0,1,0,0,1,0,0,1,0,0,1,0,0,1,0,0,0,0,1,0,0,1,0,0,0,0,0,0,0,0
107,Smith et al. 1996,Shag River Mouth,Whole assemblage,H. sapiens,Other,Archaeological,Whole assemblage,New Zealand,NZ,Oceania,0,-45.47619,170.606465,0.55,0.75,0.65,,18,0,1,0,0,1,0,1,1,0,1,1,0,0,1,1,1,1,1,0,0,1,1,0,0,1,1,1,1,0,0,1,0,0
108,Smith et al. 1996,Shag River Mouth,blade reduction bidirectional no cresting initiation and retouch of burinated blades,H. sapiens,Other,Archaeological,Single sequence,New Zealand,NZ,Oceania,1,-45.410229,170.90632,0.55,0.75,0.65,,10,0,1,0,0,1,0,0,1,0,0,1,0,0,1,1,0,1,0,0,0,0,1,0,0,1,0,0,1,0,0,0,0,0
109,Walter and Green 2011,Su'ena,"Chert ""tranchet"" adzes",H. sapiens,Other,Archaeological,Single sequence,Solomon Islands,SB,Oceania,1,-10.271142,161.707824,0.45,0.6,0.525,,8,0,0,0,0,0,0,0,0,0,0,0,0,0,1,1,0,1,0,0,0,1,0,0,0,1,1,0,0,0,1,0,1,0
110,Walter and Green 2011,Su'ena,All includes chert adzes ad hoc rt on flakes mentions of blades but not description of features aside from prismatic cross section.,H. sapiens,Other,Archaeological,Whole assemblage,Solomon Islands,SB,Oceania,1,-10.156905,161.735254,0.45,0.6,0.525,,7,0,0,0,0,0,0,0,0,0,0,0,0,0,1,1,0,1,0,0,0,0,1,0,0,1,1,0,0,0,0,0,1,0
111,Nishiaki et al. 2013,Tepe Rahmatabad,Whole assemblage,H. sapiens,Other,Archaeological,Whole assemblage,Iran,IR,Asia,0,30.191948,53.013902,7.7,8.7,8.2,,15,0,1,0,0,1,0,1,0,0,0,1,0,1,1,1,1,1,0,0,1,0,1,0,0,1,1,1,1,0,0,0,0,0
112,Fredericksen 1994,Pamwak Rockshelter Phase II-IV,Whole assemblage,H. sapiens,Other,Archaeological,Whole assemblage,Papua New Guinea,PG,Oceania,0,-2.069788,147.060489,5,12.5,8.75,,9,0,0,0,0,0,0,0,0,0,0,0,1,0,1,1,1,1,0,0,0,1,1,0,0,1,1,0,0,0,0,0,0,0
113,Ariel-Shatil 2006,Sha'ar Hagolan,Whole assemblage,H. sapiens,Other,Archaeological,Whole assemblage,Jordan,JO,Asia,0,32.644825,35.583658,7,7.4,7.2,,15,0,0,0,0,0,0,1,0,0,0,1,0,0,1,1,0,1,0,0,0,1,1,0,0,1,1,1,1,1,0,1,1,1
114,Paige 2022 and Stebbins 1986,NA 11047,Whole assemblage,H. sapiens,Other,Archaeological,Whole assemblage,United States of America,US,North America,0,36.375257,-110.622306,0.7,0.9,0.8,Stebbins 1986,16,0,0,0,0,0,0,0,0,0,1,0,1,1,1,1,1,1,1,0,0,1,0,0,0,1,1,1,0,1,0,1,1,1
115,Paige 2022 and Stebbins 1986,NA 11057,Whole assemblage,H. sapiens,Other,Archaeological,Whole assemblage,United States of America,US,North America,0,36.29619,-110.867351,0.7,0.9,0.8,Stebbins 1986,16,0,0,0,0,0,0,0,0,0,0,0,1,1,1,1,1,1,1,0,0,1,0,0,0,1,1,1,1,1,0,1,1,1
116,Allen et al. 2011,Oposisi,Whole assemblage,H. sapiens,Other,Archaeological,Whole assemblage,Papua New Guinea,PG,Oceania,1,-8.95487,146.538202,1.5,2,1.75,,6,0,0,0,0,0,0,0,0,0,0,0,0,0,1,1,1,1,0,0,0,1,0,0,0,1,0,0,0,0,0,0,0,0
117,Reepmeyer et al. 2010,Teouma,Whole assemblage,H. sapiens,Other,Archaeological,Whole assemblage,Vanuatu,VU,Oceania,0,-17.726225,168.368973,2.5,3.2,2.85,,7,0,0,0,0,0,0,0,0,0,0,0,0,0,1,1,1,1,0,0,0,0,0,0,0,1,1,1,0,0,0,0,0,0
118,David et al. 2019,Moiapu 3,Whole assemblage,H. sapiens,Other,Archaeological,Whole assemblage,Papua New Guinea,PG,Oceania,1,-9.468758,147.052227,2,2.55,2.275,marine20 applied to dates in davidMoiapuSettlementMoiapu2019,6,0,0,0,0,0,0,0,0,0,0,0,0,1,1,1,1,1,0,0,0,0,0,0,0,1,0,0,0,0,0,0,0,0
119,Leach and Leach 1980,Riverton adze quarry,Whole assemblage,H. sapiens,Other,Archaeological,Whole assemblage,New Zealand,NZ,Oceania,1,-46.391232,167.942186,0.5,0.7,0.6,intcal20 applied to dates in leachRivertonSiteArchaic1980,16,0,1,0,0,1,0,1,0,1,0,0,1,1,1,1,0,1,0,0,0,1,1,0,0,1,1,1,0,1,0,1,0,0
120,Wilson 1999,Cat's eye point,Whole assemblage,H. sapiens,Other,Archaeological,Whole assemblage,New Zealand,NZ,Oceania,0,-45.208879,170.939625,0.5,0.9,0.7,,11,0,1,0,0,1,0,0,0,1,0,0,0,0,1,1,1,1,0,0,0,1,1,0,0,1,0,0,0,1,0,0,0,0
121,Walling 1988,Little man 1,Whole assemblage,H. sapiens,Other,Archaeological,Whole assemblage,United States of America,US,North America,0,37.207334,-113.326756,0.95,1,0.975,Dalley 1988,11,0,0,0,0,0,0,0,0,0,0,0,1,0,1,1,0,1,1,0,0,1,1,0,0,1,0,0,0,0,0,1,1,1
122,Walling 1988,Little man 2,Whole assemblage,H. sapiens,Other,Archaeological,Whole assemblage,United States of America,US,North America,0,37.233195,-113.343315,0.95,1,0.975,Dalley 1988,14,0,0,0,0,0,0,0,0,0,0,0,1,0,1,1,0,1,1,0,0,1,1,0,0,1,1,1,0,1,0,1,1,1
123,Walling 1988,Little man 3,Whole assemblage,H. sapiens,Other,Archaeological,Whole assemblage,United States of America,US,North America,0,37.308667,-113.334059,1,1.2,1.1,Dalley 1988,14,0,0,0,0,0,0,0,0,0,0,0,1,0,1,1,0,1,1,0,0,1,1,0,0,1,1,1,0,1,0,1,1,1
124,Walling 1988,Little man sites,Whole assemblage,H. sapiens,Other,Archaeological,Whole assemblage,United States of America,US,North America,0,37.215857,-113.348436,0.5,1.2,0.85,Dalley 1988,14,0,0,0,0,0,0,0,0,0,0,0,1,0,1,1,0,1,1,0,0,1,1,0,0,1,1,1,0,1,0,1,1,1
125,Wambach 2014,Lava Ridge Ruin,Whole assemblage,H. sapiens,Other,Archaeological,Whole assemblage,United States of America,US,North America,0,36.117293,-113.520764,0.8,0.95,0.875,,15,1,0,0,0,0,0,0,0,0,0,0,1,0,1,1,1,1,1,0,0,1,0,0,0,1,1,1,0,1,0,1,1,1
126,Wambach 2014,Granary House,Whole assemblage,H. sapiens,Other,Archaeological,Whole assemblage,United States of America,US,North America,0,36.125779,-112.867299,0.85,1,0.925,,13,1,0,0,0,0,0,0,0,0,0,0,1,0,1,1,0,1,1,0,0,1,0,0,0,1,0,1,0,1,0,1,1,1
127,Wambach 2014,Andrus Canyon,Whole assemblage,H. sapiens,Other,Archaeological,Whole assemblage,United States of America,US,North America,0,36.040185,-113.263393,0.8,0.95,0.875,,14,1,0,0,0,0,0,0,0,0,0,0,1,0,1,1,0,1,1,0,0,1,0,0,0,1,1,1,0,1,0,1,1,1
128,Wambach 2014,Corn Cob,Whole assemblage,H. sapiens,Other,Archaeological,Whole assemblage,United States of America,US,North America,0,35.968652,-113.556829,0.7,0.8,0.75,,13,1,0,0,0,0,0,0,0,0,0,0,1,0,1,1,0,1,1,0,0,1,0,0,0,1,0,1,0,1,0,1,1,1
129,Wambach 2014,Coyote,Whole assemblage,H. sapiens,Other,Archaeological,Whole assemblage,United States of America,US,North America,0,36.096154,-113.799475,0.7,0.8,0.75,,14,1,0,0,0,0,0,0,0,0,0,0,1,0,1,1,0,1,1,0,0,1,0,0,0,1,1,1,0,1,0,1,1,1
130,Wambach 2014,Site 232,Whole assemblage,H. sapiens,Other,Archaeological,Whole assemblage,United States of America,US,North America,0,36.195338,-113.564631,0.85,1,0.925,,14,1,0,0,0,0,0,0,0,0,0,0,1,0,1,1,0,1,1,0,0,1,0,0,0,1,1,1,0,1,0,1,1,1
131,Wambach 2014,Peter's Pocket,Whole assemblage,H. sapiens,Other,Archaeological,Whole assemblage,United States of America,US,North America,0,36.139492,-113.561991,0.85,1,0.925,,14,1,0,0,0,0,0,0,0,0,0,0,1,0,1,1,0,1,1,0,0,1,0,0,0,1,1,1,0,1,0,1,1,1
132,Wambach 2014,To'tsa,Whole assemblage,H. sapiens,Other,Archaeological,Whole assemblage,United States of America,US,North America,0,36.190701,-113.415728,0.7,0.8,0.75,,14,1,0,0,0,0,0,0,0,0,0,0,1,0,1,1,0,1,1,0,0,1,0,0,0,1,1,1,0,1,0,1,1,1
133,Love-dePeyer 1980,5LP110 and 111,Whole assemblage,H. sapiens,Other,Archaeological,Whole assemblage,United States of America,US,North America,0,37.296647,-107.866594,1.17,1.2,1.185,Gooding 1980,13,0,1,0,0,0,0,0,0,0,0,0,1,0,1,1,0,1,0,0,0,1,0,0,0,1,1,1,0,1,0,1,1,1
134,Araho et al. 2002,Willaumez Peninsula,Whole assemblage,H. sapiens,Other,Archaeological,Whole assemblage,Papua New Guinea,PG,Oceania,1,-5.066228,150.029677,3.5,6,4.75,,15,0,1,0,0,0,0,1,0,0,1,0,0,1,1,1,0,1,0,0,0,1,1,0,0,1,1,1,0,1,0,1,1,0
135,Araho et al. 2002,Willaumez Peninsula,Type 1. tools. Stemmed blades,H. sapiens,Other,Archaeological,Single sequence,Papua New Guinea,PG,Oceania,0,-5.198901,150.054863,3.5,6,4.75,,11,0,0,0,0,0,0,1,0,0,0,0,0,0,1,1,0,1,0,0,0,0,1,0,0,1,1,1,0,1,0,1,1,0
136,Araho et al. 2002,Willaumez Peninsula,Type 2. tools,H. sapiens,Other,Archaeological,Single sequence,Papua New Guinea,PG,Oceania,0,-5.127912,150.039003,3.5,6,4.75,,14,0,1,0,0,0,0,0,0,0,1,0,0,1,1,1,0,1,0,0,0,1,1,0,0,1,1,1,0,1,0,1,1,0
137,Paige 2022,AZ BB:2:19,Whole assemblage,H. sapiens,Other,Archaeological,Whole assemblage,United States of America,US,North America,0,32.844459,-110.747183,0.5,0.7,0.6,Clark and Lyons 2012,13,0,0,0,0,0,0,0,0,0,0,0,0,1,1,1,1,1,1,0,0,1,0,0,0,1,1,0,0,1,0,1,1,1
138,Paige 2022,AZ BB:11:26,Whole assemblage,H. sapiens,Other,Archaeological,Whole assemblage,United States of America,US,North America,0,32.444579,-110.437827,0.57,0.7,0.635,Clark and Lyons 2012,15,0,0,0,0,0,0,0,0,0,0,0,1,1,1,1,1,1,1,0,0,1,0,0,0,1,1,0,1,1,0,1,1,1
139,Paige 2022,AZ BB:11:36,Whole assemblage,H. sapiens,Other,Archaeological,Whole assemblage,United States of America,US,North America,0,32.419791,-110.454195,0.57,0.7,0.635,Clark and Lyons 2012,10,0,0,0,0,0,0,0,0,0,0,0,0,0,1,1,1,1,0,0,0,1,0,0,0,1,0,0,0,1,0,1,1,1
140,Paige 2022,AS.13.41 XU-4,Whole assemblage,H. sapiens,Other,Archaeological,Whole assemblage,American Samoa,AS,Oceania,1,-14.217394,-169.193998,1,2.7,1.85,Quintus et al. 2016,10,0,1,0,0,0,0,1,0,0,0,0,1,1,1,1,1,1,1,0,0,1,0,0,0,0,0,0,0,0,0,0,0,0
141,Paige 2022,Pitcairn sites,Whole assemblage,H. sapiens,Other,Archaeological,Whole assemblage,Pitcairn Islands,PN,Oceania,1,-25.096179,-130.091467,0.3,0.6,0.45,Paige 2022,25,0,1,0,1,1,0,1,0,1,1,1,1,1,1,1,1,1,1,1,0,1,1,0,0,1,1,1,1,1,1,1,1,0
142,Lindeman 1995 and Adams 1995,Pyramid Point V:5:1,Whole assemblage,H. sapiens,Other,Archaeological,Whole assemblage,United States of America,US,North America,0,33.590359,-111.000214,0.6,0.7,0.65,table 1.1,11,0,0,0,0,0,0,0,0,0,0,0,0,0,1,1,0,1,0,0,0,1,0,0,0,1,1,1,0,1,0,1,1,1
143,Lindeman 1995 and Adams 1995,Meddler Point V:5:4,Whole assemblage,H. sapiens,Other,Archaeological,Whole assemblage,United States of America,US,North America,0,33.576483,-110.969805,0.65,1.2,0.925,table 1.1,12,0,0,0,0,0,0,0,0,0,0,0,0,0,1,1,1,1,0,0,0,1,0,0,0,1,1,1,0,1,0,1,1,1
144,Lindeman 1995 and Adams 1995,Griffin Wash B V:5:90,Whole assemblage,H. sapiens,Other,Archaeological,Whole assemblage,United States of America,US,North America,0,33.72549,-110.981364,0.65,0.7,0.675,table 1.1,11,0,0,0,0,0,0,0,0,0,0,0,0,0,1,1,0,1,0,0,0,1,0,0,0,1,1,1,0,1,0,1,1,1
145,Lindeman 1995 and Adams 1995,Griffin Wash A V:5:90,Whole assemblage,H. sapiens,Other,Archaeological,Whole assemblage,United States of America,US,North America,0,33.619066,-111.02879,0.6,0.7,0.65,table 1.1,11,0,0,0,0,0,0,0,0,0,0,0,0,0,1,1,0,1,0,0,0,1,0,0,0,1,1,1,0,1,0,1,1,1
146,Lindeman 1995 and Adams 1995,Hedge Apple V:5:189,Whole assemblage,H. sapiens,Other,Archaeological,Whole assemblage,United States of America,US,North America,0,33.646609,-110.970315,1.1,1.2,1.15,table 1.1,11,0,0,0,0,0,0,0,0,0,0,0,0,0,1,1,0,1,0,0,0,1,0,0,0,1,1,1,0,1,0,1,1,1
147,Lindeman 1995 and Adams 1995,Eagle Ridge A V:5:104,Whole assemblage,H. sapiens,Other,Archaeological,Whole assemblage,United States of America,US,North America,0,33.569682,-110.949087,0.6,1,0.8,table 1.1,11,0,0,0,0,0,0,0,0,0,0,0,0,0,1,1,0,1,0,0,0,1,0,0,0,1,1,1,0,1,0,1,1,1
148,Lindeman 1995 and Adams 1995,Eagle Ridge B V:5:104,Whole assemblage,H. sapiens,Other,Archaeological,Whole assemblage,United States of America,US,North America,0,33.692227,-110.944802,1.45,1.85,1.65,table 1.1,12,0,0,0,0,0,0,0,0,0,0,0,0,0,1,1,1,1,0,0,0,1,0,0,0,1,1,1,0,1,0,1,1,1
149,Lindeman 1995 and Adams 1995,Porcupine Site V:5:106,Whole assemblage,H. sapiens,Other,Archaeological,Whole assemblage,United States of America,US,North America,0,33.515824,-110.966224,0.65,0.7,0.675,table 1.1,9,0,0,0,0,0,0,0,0,0,0,0,0,0,1,1,0,1,0,0,0,1,0,0,0,1,0,0,0,1,0,1,1,1
150,Gaffney et al. 2015,Kiowa levels 10-12,Whole assemblage,H. sapiens,Other,Archaeological,Whole assemblage,Papua New Guinea,PG,Oceania,0,-5.982546,145.147696,10.2,12.5,11.35,table 1.,5,0,0,0,0,0,0,0,0,0,0,0,0,0,1,1,1,1,0,0,0,0,0,0,0,1,0,0,0,0,0,0,0,0
151,Gaffney et al. 2015,Kiowa levels 2-6,Whole assemblage,H. sapiens,Other,Archaeological,Whole assemblage,Papua New Guinea,PG,Oceania,0,-6.005945,145.157655,5.3,7.1,6.2,table 1.,9,0,0,0,0,0,0,0,0,0,0,0,1,0,1,1,1,1,0,0,0,1,0,0,0,1,0,1,0,1,0,0,0,0
152,Sheppard 1993,Reef Island Sites,Whole assemblage,H. sapiens,Other,Archaeological,Whole assemblage,Solomon Islands,SB,Oceania,1,-10.314735,166.314448,2.8,3.3,3.05,p. 123,10,0,0,0,0,0,0,0,0,0,0,1,0,1,1,1,1,1,0,0,0,0,1,0,0,1,1,1,0,0,0,0,0,0
153,Snyder et al. 2022,ZLS flaking study,Passive hammer no rotation,H. sapiens,Other,Experimental,Single sequence,,,,0,,,,,,NA,1,0,0,0,0,0,0,0,0,0,0,0,0,0,1,0,0,0,0,0,0,0,0,0,0,0,0,0,0,0,0,0,0,0
154,Snyder et al. 2022,ZLS flaking study,Bipolar percussion no rotation,H. sapiens,Other,Experimental,Single sequence,,,,0,,,,,,NA,2,0,0,0,0,0,0,0,0,0,0,0,0,0,1,0,1,0,0,0,0,0,0,0,0,0,0,0,0,0,0,0,0,0
155,Snyder et al. 2022,ZLS flaking study,Freehand percussion with rotation,H. sapiens,Other,Experimental,Single sequence,,,,0,,,,,,NA,3,0,0,0,0,0,0,0,0,0,0,0,0,0,1,0,1,1,0,0,0,0,0,0,0,0,0,0,0,0,0,0,0,0
